scenarioId,group,title,lane,status,validationScope,reason,executionMode,flowId,depositId,lineId,scheduleIds,notes,artifactPaths
"RS-001","Happy Path","Exact Match All Key Fields","deterministic","pass","scenario-proof","","browser-live","tc01-completed-final-state","3880182d-de21-4edc-935f-72c4921a88c5","96399ae3-41b0-44f7-94d7-5a94d129294e","8fae04fd-1277-4756-bf44-5afd3fd21e73","Verified against the completed duplicate TC-01 deposit already present in the current TEST DB. | Deposit detail and API payload both report Completed / reconciled final state with zero remaining allocation.","test-results/reconciliation-suite--RS-0-b942f--Exact-Match-All-Key-Fields-chromium/rs-001-finalized-detail.png"
"RS-002","Happy Path","Exact match using Additional Information metadata","deterministic","pass","scenario-proof","","browser-live","rs002-exact-metadata-candidate","01a6c210-9f8f-4ebf-97eb-d8bec64fdedd","ab8e9cad-7aaf-4cb8-9523-903d3e3333a0","51219876-e827-4bc0-81d6-ec257caf6391","Dedicated RS-002 metadata-assisted starter deposit returned exactly one candidate. | Candidate reasoning explicitly includes order ID and customer ID evidence, matching the additional-information scenario goal.","test-results/reconciliation-suite--RS-0-7dc95-tional-Information-metadata-chromium/rs-002-metadata-candidate.png"
"RS-003","Happy Path","Single deposit line splits cleanly across multiple schedules","deterministic","pass-pending-ui-review","scenario-proof","","browser-live","tc04-1tom-preview","e70b304d-a4ab-4367-a983-3040460cbb1e","3efe948b-cc82-4c21-94f4-b0b9e5a4195a","c5bacc78-363b-470f-a4ab-1b211184b02f|518caafd-7d8e-4794-83a1-1e50e3468583|1e3f1193-b23c-4e32-bf0a-adb687ce87fc","Current live TC-04 wizard previews a clean 1:M allocation across the intended TC-04 schedule trio. | Left as pass-pending-ui-review because the operator-facing allocation and final confirm flow still need a human acceptance pass in the current shared DB state.","test-results/reconciliation-suite--RS-0-fec5a-y-across-multiple-schedules-chromium/rs-003-tc04-1tom-preview.png"
"RS-004","Happy Path","Multiple deposit lines roll up to one schedule","deterministic","fail","scenario-proof","[2mexpect([22m[31mlocator[39m[2m).[22mtoBeVisible[2m([22m[2m)[22m failed

Locator: getByRole('dialog', { name: 'Reconciliation match wizard' }).getByText('Applied successfully')
Expected: visible
Timeout: 20000ms
Error: element(s) not found

Call log:
[2m  - Expect ""toBeVisible"" with timeout 20000ms[22m
[2m  - waiting for getByRole('dialog', { name: 'Reconciliation match wizard' }).getByText('Applied successfully')[22m
","browser-live","rs004-tc05-manytoone","7c6dbc29-d849-4c71-91a0-afe07db263d3","2c04f134-0acd-422a-a7a9-2eb1f5a2f0e1","bc5393d9-891b-4dea-ab07-9fd981017708","See Playwright failure artifacts for the full stack and browser evidence.",""
"RS-005","Happy Path","Bundle payment matches multiple bundled products","deterministic","blocked","scenario-proof","The mapped reconciliation deposit route rendered the app 404 page in the current browser session, so the scenario could not be executed.","browser-live","generic-1tom-split-family","75fd941e-8614-40fc-b9ee-39acac07450e","b206178c-5f7e-44a4-9455-b017ff854d13","1274ec2a-54c2-4dcb-9185-6f1cee0de73c","The browser reached the deposit route, but the page itself did not resolve to a live reconciliation detail view.","test-results/reconciliation-suite--RS-0-e86ae-s-multiple-bundled-products-chromium/rs-005-deposit-404.png"
"RS-006","Happy Path","Only part of deposit intentionally applies to available schedules","deterministic","blocked","scenario-proof","The mapped reconciliation deposit route rendered the app 404 page in the current browser session, so the scenario could not be executed.","browser-live","generic-partial-review","699a0e77-69d6-485c-ba8e-ddacd988ecf8","1c37b342-821a-4b28-9e51-db131e84f780","098200f0-c427-4e12-92d5-1c398263f851","The browser reached the deposit route, but the page itself did not resolve to a live reconciliation detail view. | Marked blocked instead of failed because this indicates runtime-fixture drift or environment mismatch, not a confirmed product regression.","test-results/reconciliation-suite--RS-0-c098c-lies-to-available-schedules-chromium/rs-006-deposit-404.png"
"RS-007","Happy Path","Paid commission ties mathematically even if stated % field is informational","deterministic","blocked","scenario-proof","The mapped reconciliation deposit route rendered the app 404 page in the current browser session, so the scenario could not be executed.","browser-live","generic-1to1-candidate-review","6eef0836-1147-47ed-8413-e1d089268cf0","4868fa49-89f5-44b7-ab5a-803ca5816e32","098200f0-c427-4e12-92d5-1c398263f851","The browser reached the deposit route, but the page itself did not resolve to a live reconciliation detail view. | Marked blocked instead of failed because this indicates runtime-fixture drift or environment mismatch, not a confirmed product regression.","test-results/reconciliation-suite--RS-0-1f932-ated-field-is-informational-chromium/rs-007-deposit-404.png"
"RS-008","Happy Path","Line item requires penny placement but totals still exact","deterministic","blocked","scenario-proof","The mapped reconciliation deposit route rendered the app 404 page in the current browser session, so the scenario could not be executed.","browser-live","generic-1to1-candidate-review","6eef0836-1147-47ed-8413-e1d089268cf0","4868fa49-89f5-44b7-ab5a-803ca5816e32","098200f0-c427-4e12-92d5-1c398263f851","The browser reached the deposit route, but the page itself did not resolve to a live reconciliation detail view. | Marked blocked instead of failed because this indicates runtime-fixture drift or environment mismatch, not a confirmed product regression.","test-results/reconciliation-suite--RS-0-bbbef-ment-but-totals-still-exact-chromium/rs-008-deposit-404.png"
"RS-009","Financial Variance","Usage higher than expected","deterministic","blocked","scenario-proof","The mapped reconciliation deposit route rendered the app 404 page in the current browser session, so the scenario could not be executed.","browser-live","generic-1to1-candidate-review","6eef0836-1147-47ed-8413-e1d089268cf0","42bc2596-04aa-4fb4-b9e2-64c507e0ab03","098200f0-c427-4e12-92d5-1c398263f851","The browser reached the deposit route, but the page itself did not resolve to a live reconciliation detail view. | Marked blocked instead of failed because this indicates runtime-fixture drift or environment mismatch, not a confirmed product regression.","test-results/reconciliation-suite--RS-0-42ae6--Usage-higher-than-expected-chromium/rs-009-deposit-404.png"
"RS-010","Financial Variance","Usage lower than expected","deterministic","blocked","scenario-proof","The mapped reconciliation deposit route rendered the app 404 page in the current browser session, so the scenario could not be executed.","browser-live","generic-1to1-candidate-review","6eef0836-1147-47ed-8413-e1d089268cf0","fe5e4fe1-d816-4826-ba7f-5dcc73e4e83e","098200f0-c427-4e12-92d5-1c398263f851","The browser reached the deposit route, but the page itself did not resolve to a live reconciliation detail view. | Marked blocked instead of failed because this indicates runtime-fixture drift or environment mismatch, not a confirmed product regression.","test-results/reconciliation-suite--RS-0-11715-c-Usage-lower-than-expected-chromium/rs-010-deposit-404.png"
"RS-011","Financial Variance","Usage slightly off but inside admin threshold","deterministic","blocked","scenario-proof","The mapped reconciliation deposit route rendered the app 404 page in the current browser session, so the scenario could not be executed.","browser-live","generic-1to1-candidate-review","6eef0836-1147-47ed-8413-e1d089268cf0","c51b5f32-666f-4ccc-9069-56ba50bdec17","098200f0-c427-4e12-92d5-1c398263f851","The browser reached the deposit route, but the page itself did not resolve to a live reconciliation detail view. | Marked blocked instead of failed because this indicates runtime-fixture drift or environment mismatch, not a confirmed product regression.","test-results/reconciliation-suite--RS-0-d63b8--but-inside-admin-threshold-chromium/rs-011-deposit-404.png"
"RS-012","Financial Variance","Usage off beyond allowed threshold","deterministic","blocked","scenario-proof","The mapped reconciliation deposit route rendered the app 404 page in the current browser session, so the scenario could not be executed.","browser-live","generic-1to1-candidate-review","6eef0836-1147-47ed-8413-e1d089268cf0","4868fa49-89f5-44b7-ab5a-803ca5816e32","098200f0-c427-4e12-92d5-1c398263f851","The browser reached the deposit route, but the page itself did not resolve to a live reconciliation detail view. | Marked blocked instead of failed because this indicates runtime-fixture drift or environment mismatch, not a confirmed product regression.","test-results/reconciliation-suite--RS-0-689e2-ff-beyond-allowed-threshold-chromium/rs-012-deposit-404.png"
"RS-013","Financial Variance","Deposit reports zero usage where schedule expects usage","deterministic","blocked","scenario-proof","The mapped reconciliation deposit route rendered the app 404 page in the current browser session, so the scenario could not be executed.","browser-live","generic-1to1-candidate-review","6eef0836-1147-47ed-8413-e1d089268cf0","4868fa49-89f5-44b7-ab5a-803ca5816e32","098200f0-c427-4e12-92d5-1c398263f851","The browser reached the deposit route, but the page itself did not resolve to a live reconciliation detail view. | Marked blocked instead of failed because this indicates runtime-fixture drift or environment mismatch, not a confirmed product regression.","test-results/reconciliation-suite--RS-0-756cb-here-schedule-expects-usage-chromium/rs-013-deposit-404.png"
"RS-014","Financial Variance","Deposit shows usage before expected schedule amount","deterministic","blocked","scenario-proof","The mapped reconciliation deposit route rendered the app 404 page in the current browser session, so the scenario could not be executed.","browser-live","generic-1to1-candidate-review","6eef0836-1147-47ed-8413-e1d089268cf0","4868fa49-89f5-44b7-ab5a-803ca5816e32","098200f0-c427-4e12-92d5-1c398263f851","The browser reached the deposit route, but the page itself did not resolve to a live reconciliation detail view. | Marked blocked instead of failed because this indicates runtime-fixture drift or environment mismatch, not a confirmed product regression.","test-results/reconciliation-suite--RS-0-fe4bc-re-expected-schedule-amount-chromium/rs-014-deposit-404.png"
"RS-015","Financial Variance","Negative usage/credit hits existing schedule","deterministic","blocked","scenario-proof","The mapped reconciliation deposit route rendered the app 404 page in the current browser session, so the scenario could not be executed.","browser-live","generic-1to1-candidate-review","6eef0836-1147-47ed-8413-e1d089268cf0","0b3d997c-1fa2-4ec4-b3ef-fb9c55d435b1","098200f0-c427-4e12-92d5-1c398263f851","The browser reached the deposit route, but the page itself did not resolve to a live reconciliation detail view. | Marked blocked instead of failed because this indicates runtime-fixture drift or environment mismatch, not a confirmed product regression.","test-results/reconciliation-suite--RS-0-fd7c0-edit-hits-existing-schedule-chromium/rs-015-deposit-404.png"
"RS-016","Financial Variance","Total usage matches but one schedule receives too much","deterministic","blocked","scenario-proof","The mapped reconciliation deposit route rendered the app 404 page in the current browser session, so the scenario could not be executed.","browser-live","generic-1tom-split-family","75fd941e-8614-40fc-b9ee-39acac07450e","b206178c-5f7e-44a4-9455-b017ff854d13","1274ec2a-54c2-4dcb-9185-6f1cee0de73c","The browser reached the deposit route, but the page itself did not resolve to a live reconciliation detail view.","test-results/reconciliation-suite--RS-0-dfbe8--schedule-receives-too-much-chromium/rs-016-deposit-404.png"
"RS-017","Financial Variance","Total usage matches but one schedule receives too little","deterministic","blocked","scenario-proof","The mapped reconciliation deposit route rendered the app 404 page in the current browser session, so the scenario could not be executed.","browser-live","generic-1tom-split-family","75fd941e-8614-40fc-b9ee-39acac07450e","b206178c-5f7e-44a4-9455-b017ff854d13","1274ec2a-54c2-4dcb-9185-6f1cee0de73c","The browser reached the deposit route, but the page itself did not resolve to a live reconciliation detail view.","test-results/reconciliation-suite--RS-0-b579a-chedule-receives-too-little-chromium/rs-017-deposit-404.png"
"RS-018","Financial Variance","Deposit cannot split evenly across schedules","deterministic","blocked","scenario-proof","The mapped reconciliation deposit route rendered the app 404 page in the current browser session, so the scenario could not be executed.","browser-live","generic-1tom-split-family","75fd941e-8614-40fc-b9ee-39acac07450e","b206178c-5f7e-44a4-9455-b017ff854d13","1274ec2a-54c2-4dcb-9185-6f1cee0de73c","The browser reached the deposit route, but the page itself did not resolve to a live reconciliation detail view.","test-results/reconciliation-suite--RS-0-60271-lit-evenly-across-schedules-chromium/rs-018-deposit-404.png"
"RS-019","Financial Variance","Multiple deposits sum above expected schedule usage","needs-clarification","blocked","runtime-path-validation","The mapped reconciliation deposit route rendered the app 404 page in the current browser session, so the scenario could not be executed.","browser-live","generic-mto1-combined-family","75fd941e-8614-40fc-b9ee-39acac07450e","b206178c-5f7e-44a4-9455-b017ff854d13","1274ec2a-54c2-4dcb-9185-6f1cee0de73c","The browser reached the deposit route, but the page itself did not resolve to a live reconciliation detail view.","test-results/reconciliation-suite--RS-0-629da-ove-expected-schedule-usage-chromium/rs-019-deposit-404.png"
"RS-020","Financial Variance","Multiple deposits sum below expected schedule usage","deterministic","blocked","scenario-proof","The mapped reconciliation deposit route rendered the app 404 page in the current browser session, so the scenario could not be executed.","browser-live","rs020-manytoone-underage","74116291-3f21-4e52-91c5-1953ccf34174","0c0d7325-3fa6-4684-9d8c-c830d65dcdb0","bc5393d9-891b-4dea-ab07-9fd981017708","The browser reached the deposit route, but the page itself did not resolve to a live reconciliation detail view.","test-results/reconciliation-suite--RS-0-d45c1-low-expected-schedule-usage-chromium/rs-020-deposit-404.png"
"RS-021","Financial Variance","Current month usage high due to prior-period true-up","deterministic","blocked","scenario-proof","The mapped reconciliation deposit route rendered the app 404 page in the current browser session, so the scenario could not be executed.","browser-live","generic-1to1-candidate-review","6eef0836-1147-47ed-8413-e1d089268cf0","4868fa49-89f5-44b7-ab5a-803ca5816e32","098200f0-c427-4e12-92d5-1c398263f851","The browser reached the deposit route, but the page itself did not resolve to a live reconciliation detail view. | Marked blocked instead of failed because this indicates runtime-fixture drift or environment mismatch, not a confirmed product regression.","test-results/reconciliation-suite--RS-0-e7643-due-to-prior-period-true-up-chromium/rs-021-deposit-404.png"
"RS-022","Financial Variance","Actual usage differs by pennies from expected rounding","deterministic","blocked","scenario-proof","The mapped reconciliation deposit route rendered the app 404 page in the current browser session, so the scenario could not be executed.","browser-live","generic-1to1-candidate-review","6eef0836-1147-47ed-8413-e1d089268cf0","c51b5f32-666f-4ccc-9069-56ba50bdec17","098200f0-c427-4e12-92d5-1c398263f851","The browser reached the deposit route, but the page itself did not resolve to a live reconciliation detail view. | Marked blocked instead of failed because this indicates runtime-fixture drift or environment mismatch, not a confirmed product regression.","test-results/reconciliation-suite--RS-0-5c239-nies-from-expected-rounding-chromium/rs-022-deposit-404.png"
"RS-023","Financial Variance","Commission paid higher than expected while usage is exact","deterministic","blocked","scenario-proof","The mapped reconciliation deposit route rendered the app 404 page in the current browser session, so the scenario could not be executed.","browser-live","generic-1to1-candidate-review","6eef0836-1147-47ed-8413-e1d089268cf0","42bc2596-04aa-4fb4-b9e2-64c507e0ab03","098200f0-c427-4e12-92d5-1c398263f851","The browser reached the deposit route, but the page itself did not resolve to a live reconciliation detail view. | Marked blocked instead of failed because this indicates runtime-fixture drift or environment mismatch, not a confirmed product regression.","test-results/reconciliation-suite--RS-0-34a2b-pected-while-usage-is-exact-chromium/rs-023-deposit-404.png"
"RS-024","Financial Variance","Commission paid lower than expected while usage is exact","deterministic","blocked","scenario-proof","The mapped reconciliation deposit route rendered the app 404 page in the current browser session, so the scenario could not be executed.","browser-live","generic-1to1-candidate-review","6eef0836-1147-47ed-8413-e1d089268cf0","fe5e4fe1-d816-4826-ba7f-5dcc73e4e83e","098200f0-c427-4e12-92d5-1c398263f851","The browser reached the deposit route, but the page itself did not resolve to a live reconciliation detail view. | Marked blocked instead of failed because this indicates runtime-fixture drift or environment mismatch, not a confirmed product regression.","test-results/reconciliation-suite--RS-0-4a890-pected-while-usage-is-exact-chromium/rs-024-deposit-404.png"
"RS-025","Financial Variance","Commission amount matches even though usage does not","deterministic","blocked","scenario-proof","Deposit detail endpoint returned HTTP 500 for the mapped runtime fixture.","browser-live","generic-1to1-candidate-review","6eef0836-1147-47ed-8413-e1d089268cf0","4868fa49-89f5-44b7-ab5a-803ca5816e32","098200f0-c427-4e12-92d5-1c398263f851","The browser reached the deposit route, but the underlying detail API was not healthy in the shared TEST DB. | Marked blocked instead of failed because this is an environment/runtime-fixture issue, not a verified reconciliation logic regression.","test-results/reconciliation-suite--RS-0-cc096--even-though-usage-does-not-chromium/rs-025-detail-error.png"
"RS-026","Financial Variance","Carrier billed usage but paid no commission","deterministic","blocked","scenario-proof","Deposit detail endpoint returned HTTP 500 for the mapped runtime fixture.","browser-live","generic-1to1-candidate-review","6eef0836-1147-47ed-8413-e1d089268cf0","fe5e4fe1-d816-4826-ba7f-5dcc73e4e83e","098200f0-c427-4e12-92d5-1c398263f851","The browser reached the deposit route, but the underlying detail API was not healthy in the shared TEST DB. | Marked blocked instead of failed because this is an environment/runtime-fixture issue, not a verified reconciliation logic regression.","test-results/reconciliation-suite--RS-0-ba9df-sage-but-paid-no-commission-chromium/rs-026-detail-error.png"
"RS-027","Financial Variance","Commission paid despite zero reported usage","deterministic","blocked","scenario-proof","Deposit detail endpoint returned HTTP 500 for the mapped runtime fixture.","browser-live","generic-1to1-candidate-review","6eef0836-1147-47ed-8413-e1d089268cf0","0b3d997c-1fa2-4ec4-b3ef-fb9c55d435b1","098200f0-c427-4e12-92d5-1c398263f851","The browser reached the deposit route, but the underlying detail API was not healthy in the shared TEST DB. | Marked blocked instead of failed because this is an environment/runtime-fixture issue, not a verified reconciliation logic regression.","test-results/reconciliation-suite--RS-0-1b78a-despite-zero-reported-usage-chromium/rs-027-detail-error.png"
"RS-028","Financial Variance","Carrier claws back previously paid commission","deterministic","blocked","scenario-proof","Deposit detail endpoint returned HTTP 500 for the mapped runtime fixture.","browser-live","generic-1to1-candidate-review","6eef0836-1147-47ed-8413-e1d089268cf0","4868fa49-89f5-44b7-ab5a-803ca5816e32","098200f0-c427-4e12-92d5-1c398263f851","The browser reached the deposit route, but the underlying detail API was not healthy in the shared TEST DB. | Marked blocked instead of failed because this is an environment/runtime-fixture issue, not a verified reconciliation logic regression.","test-results/reconciliation-suite--RS-0-14c2c--previously-paid-commission-chromium/rs-028-detail-error.png"
"RS-029","Financial Variance","Total commission correct but schedule split wrong","deterministic","blocked","scenario-proof","Deposit detail endpoint returned HTTP 500 for the mapped runtime fixture.","browser-live","generic-1tom-split-family","75fd941e-8614-40fc-b9ee-39acac07450e","b206178c-5f7e-44a4-9455-b017ff854d13","1274ec2a-54c2-4dcb-9185-6f1cee0de73c","The underlying detail API was not healthy in the shared TEST DB.","test-results/reconciliation-suite--RS-0-b855f-ct-but-schedule-split-wrong-chromium/rs-029-detail-error.png"
"RS-030","Financial Variance","Multiple deposit lines sum to too much commission","deterministic","blocked","scenario-proof","Deposit detail endpoint returned HTTP 500 for the mapped runtime fixture.","browser-live","rs030-manytoone-commission-overage","966231bc-cb23-4f41-b443-44136ea118cb","f4c68d80-d16d-4fef-a12e-d4e11bb91363","bc5393d9-891b-4dea-ab07-9fd981017708","The underlying detail API was not healthy in the shared TEST DB.","test-results/reconciliation-suite--RS-0-4b0b5--sum-to-too-much-commission-chromium/rs-030-detail-error.png"
"RS-031","Financial Variance","Multiple deposit lines sum to too little commission","deterministic","blocked","scenario-proof","Deposit detail endpoint returned HTTP 500 for the mapped runtime fixture.","browser-live","rs031-manytoone-commission-underage","d5a68c1c-5f95-49d2-86d1-a96cb7bba7a0","fb645457-ba8c-4639-97cf-4569cebc8846","bc5393d9-891b-4dea-ab07-9fd981017708","The underlying detail API was not healthy in the shared TEST DB.","test-results/reconciliation-suite--RS-0-596f6-um-to-too-little-commission-chromium/rs-031-detail-error.png"
"RS-032","Financial Variance","Special payout creates extra commission dollars","deterministic","blocked","scenario-proof","Deposit detail endpoint returned HTTP 500 for the mapped runtime fixture.","browser-live","generic-1to1-candidate-review","6eef0836-1147-47ed-8413-e1d089268cf0","4868fa49-89f5-44b7-ab5a-803ca5816e32","098200f0-c427-4e12-92d5-1c398263f851","The browser reached the deposit route, but the underlying detail API was not healthy in the shared TEST DB. | Marked blocked instead of failed because this is an environment/runtime-fixture issue, not a verified reconciliation logic regression.","test-results/reconciliation-suite--RS-0-aec9f-es-extra-commission-dollars-chromium/rs-032-detail-error.png"
"RS-033","Financial Variance","Current commission includes prior recovery amount","deterministic","blocked","scenario-proof","Deposit detail endpoint returned HTTP 500 for the mapped runtime fixture.","browser-live","generic-1to1-candidate-review","6eef0836-1147-47ed-8413-e1d089268cf0","4868fa49-89f5-44b7-ab5a-803ca5816e32","098200f0-c427-4e12-92d5-1c398263f851","The browser reached the deposit route, but the underlying detail API was not healthy in the shared TEST DB. | Marked blocked instead of failed because this is an environment/runtime-fixture issue, not a verified reconciliation logic regression.","test-results/reconciliation-suite--RS-0-46600-ludes-prior-recovery-amount-chromium/rs-033-detail-error.png"
"RS-034","Rate Variance","Actual rate lower than expected","deterministic","blocked","scenario-proof","Deposit detail endpoint returned HTTP 500 for the mapped runtime fixture.","browser-live","generic-1to1-candidate-review","6eef0836-1147-47ed-8413-e1d089268cf0","fe5e4fe1-d816-4826-ba7f-5dcc73e4e83e","098200f0-c427-4e12-92d5-1c398263f851","The browser reached the deposit route, but the underlying detail API was not healthy in the shared TEST DB. | Marked blocked instead of failed because this is an environment/runtime-fixture issue, not a verified reconciliation logic regression.","test-results/reconciliation-suite--RS-0-ceb2c-al-rate-lower-than-expected-chromium/rs-034-detail-error.png"
"RS-035","Rate Variance","Actual rate higher than expected","deterministic","blocked","scenario-proof","Deposit detail endpoint returned HTTP 500 for the mapped runtime fixture.","browser-live","generic-1to1-candidate-review","6eef0836-1147-47ed-8413-e1d089268cf0","42bc2596-04aa-4fb4-b9e2-64c507e0ab03","098200f0-c427-4e12-92d5-1c398263f851","The browser reached the deposit route, but the underlying detail API was not healthy in the shared TEST DB. | Marked blocked instead of failed because this is an environment/runtime-fixture issue, not a verified reconciliation logic regression.","test-results/reconciliation-suite--RS-0-e6b5f-l-rate-higher-than-expected-chromium/rs-035-detail-error.png"
"RS-036","Rate Variance","Classic lower-rate mismatch","deterministic","blocked","scenario-proof","Deposit detail endpoint returned HTTP 500 for the mapped runtime fixture.","browser-live","generic-1to1-candidate-review","6eef0836-1147-47ed-8413-e1d089268cf0","fe5e4fe1-d816-4826-ba7f-5dcc73e4e83e","098200f0-c427-4e12-92d5-1c398263f851","The browser reached the deposit route, but the underlying detail API was not healthy in the shared TEST DB. | Marked blocked instead of failed because this is an environment/runtime-fixture issue, not a verified reconciliation logic regression.","test-results/reconciliation-suite--RS-0-6b5c3-Classic-lower-rate-mismatch-chromium/rs-036-detail-error.png"
"RS-037","Rate Variance","Classic higher-rate mismatch","deterministic","blocked","scenario-proof","Deposit detail endpoint returned HTTP 500 for the mapped runtime fixture.","browser-live","generic-1to1-candidate-review","6eef0836-1147-47ed-8413-e1d089268cf0","42bc2596-04aa-4fb4-b9e2-64c507e0ab03","098200f0-c427-4e12-92d5-1c398263f851","The browser reached the deposit route, but the underlying detail API was not healthy in the shared TEST DB. | Marked blocked instead of failed because this is an environment/runtime-fixture issue, not a verified reconciliation logic regression.","test-results/reconciliation-suite--RS-0-6c5bc-lassic-higher-rate-mismatch-chromium/rs-037-detail-error.png"
"RS-038","Rate Variance","Derived rate disagrees with stored expected rate but paid dollars are internally consistent","deterministic","blocked","scenario-proof","Deposit detail endpoint returned HTTP 500 for the mapped runtime fixture.","browser-live","generic-1to1-candidate-review","6eef0836-1147-47ed-8413-e1d089268cf0","4868fa49-89f5-44b7-ab5a-803ca5816e32","098200f0-c427-4e12-92d5-1c398263f851","The browser reached the deposit route, but the underlying detail API was not healthy in the shared TEST DB. | Marked blocked instead of failed because this is an environment/runtime-fixture issue, not a verified reconciliation logic regression.","test-results/reconciliation-suite--RS-0-e36c3-s-are-internally-consistent-chromium/rs-038-detail-error.png"
"RS-039","Rate Variance","Carrier-provided rate field does not equal actual commission/usage math","deterministic","blocked","scenario-proof","Deposit detail endpoint returned HTTP 500 for the mapped runtime fixture.","browser-live","generic-1to1-candidate-review","6eef0836-1147-47ed-8413-e1d089268cf0","4868fa49-89f5-44b7-ab5a-803ca5816e32","098200f0-c427-4e12-92d5-1c398263f851","The browser reached the deposit route, but the underlying detail API was not healthy in the shared TEST DB. | Marked blocked instead of failed because this is an environment/runtime-fixture issue, not a verified reconciliation logic regression.","test-results/reconciliation-suite--RS-0-0c318-ctual-commission-usage-math-chromium/rs-039-detail-error.png"
"RS-040","Rate Variance","Actual rate changes and should apply forward","deterministic","blocked","scenario-proof","Deposit detail endpoint returned HTTP 500 for the mapped runtime fixture.","browser-live","generic-1to1-candidate-review","6eef0836-1147-47ed-8413-e1d089268cf0","4868fa49-89f5-44b7-ab5a-803ca5816e32","098200f0-c427-4e12-92d5-1c398263f851","The browser reached the deposit route, but the underlying detail API was not healthy in the shared TEST DB. | Marked blocked instead of failed because this is an environment/runtime-fixture issue, not a verified reconciliation logic regression.","test-results/reconciliation-suite--RS-0-8c6ab-es-and-should-apply-forward-chromium/rs-040-detail-error.png"
"RS-041","Rate Variance","Actual rate differs for a single schedule only","deterministic","blocked","scenario-proof","Deposit detail endpoint returned HTTP 500 for the mapped runtime fixture.","browser-live","generic-1to1-candidate-review","6eef0836-1147-47ed-8413-e1d089268cf0","4868fa49-89f5-44b7-ab5a-803ca5816e32","098200f0-c427-4e12-92d5-1c398263f851","The browser reached the deposit route, but the underlying detail API was not healthy in the shared TEST DB. | Marked blocked instead of failed because this is an environment/runtime-fixture issue, not a verified reconciliation logic regression.","test-results/reconciliation-suite--RS-0-12e59--for-a-single-schedule-only-chromium/rs-041-detail-error.png"
"RS-042","Rate Variance","One deposit line spans schedules with different expected rates","deterministic","blocked","scenario-proof","Deposit detail endpoint returned HTTP 500 for the mapped runtime fixture.","browser-live","generic-1tom-split-family","75fd941e-8614-40fc-b9ee-39acac07450e","b206178c-5f7e-44a4-9455-b017ff854d13","1274ec2a-54c2-4dcb-9185-6f1cee0de73c","The underlying detail API was not healthy in the shared TEST DB.","test-results/reconciliation-suite--RS-0-8c075-th-different-expected-rates-chromium/rs-042-detail-error.png"
"RS-043","Rate Variance","Multiple deposit lines create weighted actual rate different from expected","needs-clarification","blocked","runtime-path-validation","Deposit detail endpoint returned HTTP 500 for the mapped runtime fixture.","browser-live","generic-mto1-combined-family","75fd941e-8614-40fc-b9ee-39acac07450e","b206178c-5f7e-44a4-9455-b017ff854d13","1274ec2a-54c2-4dcb-9185-6f1cee0de73c","The underlying detail API was not healthy in the shared TEST DB.","test-results/reconciliation-suite--RS-0-51f34-ate-different-from-expected-chromium/rs-043-detail-error.png"
"RS-044","Rate Variance","Carrier pays no commission rate on active bill","deterministic","blocked","scenario-proof","Deposit detail endpoint returned HTTP 500 for the mapped runtime fixture.","browser-live","generic-1to1-candidate-review","6eef0836-1147-47ed-8413-e1d089268cf0","fe5e4fe1-d816-4826-ba7f-5dcc73e4e83e","098200f0-c427-4e12-92d5-1c398263f851","The browser reached the deposit route, but the underlying detail API was not healthy in the shared TEST DB. | Marked blocked instead of failed because this is an environment/runtime-fixture issue, not a verified reconciliation logic regression.","test-results/reconciliation-suite--RS-0-2c645-mission-rate-on-active-bill-chromium/rs-044-detail-error.png"
"RS-045","Rate Variance","Derived actual rate materially above expected norms","deterministic","blocked","scenario-proof","Deposit detail endpoint returned HTTP 500 for the mapped runtime fixture.","browser-live","generic-1to1-candidate-review","6eef0836-1147-47ed-8413-e1d089268cf0","42bc2596-04aa-4fb4-b9e2-64c507e0ab03","098200f0-c427-4e12-92d5-1c398263f851","The browser reached the deposit route, but the underlying detail API was not healthy in the shared TEST DB. | Marked blocked instead of failed because this is an environment/runtime-fixture issue, not a verified reconciliation logic regression.","test-results/reconciliation-suite--RS-0-c6913-rially-above-expected-norms-chromium/rs-045-detail-error.png"
"RS-046","Combined Variance","Usage lower and rate different","deterministic","blocked","scenario-proof","Deposit detail endpoint returned HTTP 500 for the mapped runtime fixture.","browser-live","generic-1to1-candidate-review","6eef0836-1147-47ed-8413-e1d089268cf0","fe5e4fe1-d816-4826-ba7f-5dcc73e4e83e","098200f0-c427-4e12-92d5-1c398263f851","The browser reached the deposit route, but the underlying detail API was not healthy in the shared TEST DB. | Marked blocked instead of failed because this is an environment/runtime-fixture issue, not a verified reconciliation logic regression.","test-results/reconciliation-suite--RS-0-c6f9b-ge-lower-and-rate-different-chromium/rs-046-detail-error.png"
"RS-047","Combined Variance","Usage higher and rate different","deterministic","blocked","scenario-proof","Deposit detail endpoint returned HTTP 500 for the mapped runtime fixture.","browser-live","generic-1to1-candidate-review","6eef0836-1147-47ed-8413-e1d089268cf0","42bc2596-04aa-4fb4-b9e2-64c507e0ab03","098200f0-c427-4e12-92d5-1c398263f851","The browser reached the deposit route, but the underlying detail API was not healthy in the shared TEST DB. | Marked blocked instead of failed because this is an environment/runtime-fixture issue, not a verified reconciliation logic regression.","test-results/reconciliation-suite--RS-0-14bc2-e-higher-and-rate-different-chromium/rs-047-detail-error.png"
"RS-048","Combined Variance","Usage exact but paid commission not supported by expected or derived rate","deterministic","blocked","scenario-proof","Deposit detail endpoint returned HTTP 500 for the mapped runtime fixture.","browser-live","generic-1to1-candidate-review","6eef0836-1147-47ed-8413-e1d089268cf0","4868fa49-89f5-44b7-ab5a-803ca5816e32","098200f0-c427-4e12-92d5-1c398263f851","The browser reached the deposit route, but the underlying detail API was not healthy in the shared TEST DB. | Marked blocked instead of failed because this is an environment/runtime-fixture issue, not a verified reconciliation logic regression.","test-results/reconciliation-suite--RS-0-e7ab4-by-expected-or-derived-rate-chromium/rs-048-detail-error.png"
"RS-049","Combined Variance","Paid commission ties to deposit math, but not to schedule expectation","deterministic","blocked","scenario-proof","Deposit detail endpoint returned HTTP 500 for the mapped runtime fixture.","browser-live","generic-1to1-candidate-review","6eef0836-1147-47ed-8413-e1d089268cf0","4868fa49-89f5-44b7-ab5a-803ca5816e32","098200f0-c427-4e12-92d5-1c398263f851","The browser reached the deposit route, but the underlying detail API was not healthy in the shared TEST DB. | Marked blocked instead of failed because this is an environment/runtime-fixture issue, not a verified reconciliation logic regression.","test-results/reconciliation-suite--RS-0-46299-not-to-schedule-expectation-chromium/rs-049-detail-error.png"
"RS-050","Combined Variance","Usage, rate, and commission all inconsistent","deterministic","blocked","scenario-proof","Deposit detail endpoint returned HTTP 500 for the mapped runtime fixture.","browser-live","generic-1to1-candidate-review","6eef0836-1147-47ed-8413-e1d089268cf0","4868fa49-89f5-44b7-ab5a-803ca5816e32","098200f0-c427-4e12-92d5-1c398263f851","The browser reached the deposit route, but the underlying detail API was not healthy in the shared TEST DB. | Marked blocked instead of failed because this is an environment/runtime-fixture issue, not a verified reconciliation logic regression.","test-results/reconciliation-suite--RS-0-1188f-commission-all-inconsistent-chromium/rs-050-detail-error.png"
"RS-051","Combined Variance","Usage and commission both misallocated across multiple schedules","deterministic","blocked","scenario-proof","Deposit detail endpoint returned HTTP 500 for the mapped runtime fixture.","browser-live","generic-1tom-split-family","75fd941e-8614-40fc-b9ee-39acac07450e","b206178c-5f7e-44a4-9455-b017ff854d13","1274ec2a-54c2-4dcb-9185-6f1cee0de73c","The underlying detail API was not healthy in the shared TEST DB.","test-results/reconciliation-suite--RS-0-6b95f-d-across-multiple-schedules-chromium/rs-051-detail-error.png"
"RS-052","Combined Variance","Some deposit lines align, others conflict against one schedule","needs-clarification","blocked","runtime-path-validation","Deposit detail endpoint returned HTTP 500 for the mapped runtime fixture.","browser-live","generic-mto1-combined-family","75fd941e-8614-40fc-b9ee-39acac07450e","b206178c-5f7e-44a4-9455-b017ff854d13","1274ec2a-54c2-4dcb-9185-6f1cee0de73c","The underlying detail API was not healthy in the shared TEST DB.","test-results/reconciliation-suite--RS-0-26b7f-nflict-against-one-schedule-chromium/rs-052-detail-error.png"
"RS-053","Combined Variance","Part of deposit reconciles exactly and remainder carries variance","deterministic","blocked","scenario-proof","Deposit detail endpoint returned HTTP 500 for the mapped runtime fixture.","browser-live","generic-partial-review","699a0e77-69d6-485c-ba8e-ddacd988ecf8","1c37b342-821a-4b28-9e51-db131e84f780","098200f0-c427-4e12-92d5-1c398263f851","The browser reached the deposit route, but the underlying detail API was not healthy in the shared TEST DB. | Marked blocked instead of failed because this is an environment/runtime-fixture issue, not a verified reconciliation logic regression.","test-results/reconciliation-suite--RS-0-c94ec--remainder-carries-variance-chromium/rs-053-detail-error.png"
"RS-054","Combined Variance","Opposing signals create abnormal effective rate","deterministic","blocked","scenario-proof","Deposit detail endpoint returned HTTP 500 for the mapped runtime fixture.","browser-live","generic-1to1-candidate-review","6eef0836-1147-47ed-8413-e1d089268cf0","4868fa49-89f5-44b7-ab5a-803ca5816e32","098200f0-c427-4e12-92d5-1c398263f851","The browser reached the deposit route, but the underlying detail API was not healthy in the shared TEST DB. | Marked blocked instead of failed because this is an environment/runtime-fixture issue, not a verified reconciliation logic regression.","test-results/reconciliation-suite--RS-0-9e690-ate-abnormal-effective-rate-chromium/rs-054-detail-error.png"
"RS-055","Combined Variance","Higher bill with lower paid commission","deterministic","blocked","scenario-proof","Deposit detail endpoint returned HTTP 500 for the mapped runtime fixture.","browser-live","generic-1to1-candidate-review","6eef0836-1147-47ed-8413-e1d089268cf0","42bc2596-04aa-4fb4-b9e2-64c507e0ab03","098200f0-c427-4e12-92d5-1c398263f851","The browser reached the deposit route, but the underlying detail API was not healthy in the shared TEST DB. | Marked blocked instead of failed because this is an environment/runtime-fixture issue, not a verified reconciliation logic regression.","test-results/reconciliation-suite--RS-0-a1676--with-lower-paid-commission-chromium/rs-055-detail-error.png"
"RS-056","Data Quality","Distributor and vendor match but secondary metadata sparse","ui-review","blocked","scenario-proof","Deposit detail endpoint returned HTTP 500 for the mapped runtime fixture.","browser-live","generic-1to1-candidate-review","6eef0836-1147-47ed-8413-e1d089268cf0","4868fa49-89f5-44b7-ab5a-803ca5816e32","098200f0-c427-4e12-92d5-1c398263f851","The browser reached the deposit route, but the underlying detail API was not healthy in the shared TEST DB. | Marked blocked instead of failed because this is an environment/runtime-fixture issue, not a verified reconciliation logic regression.","test-results/reconciliation-suite--RS-0-1237e-t-secondary-metadata-sparse-chromium/rs-056-detail-error.png"
"RS-057","Data Quality","Primary fields match but one secondary ID differs","ui-review","blocked","scenario-proof","Deposit detail endpoint returned HTTP 500 for the mapped runtime fixture.","browser-live","generic-1to1-candidate-review","6eef0836-1147-47ed-8413-e1d089268cf0","4868fa49-89f5-44b7-ab5a-803ca5816e32","098200f0-c427-4e12-92d5-1c398263f851","The browser reached the deposit route, but the underlying detail API was not healthy in the shared TEST DB. | Marked blocked instead of failed because this is an environment/runtime-fixture issue, not a verified reconciliation logic regression.","test-results/reconciliation-suite--RS-0-82475-ut-one-secondary-ID-differs-chromium/rs-057-detail-error.png"
"RS-058","Data Quality","Standard fields weak, Additional Information field confirms schedule","ui-review","blocked","scenario-proof","Deposit detail endpoint returned HTTP 500 for the mapped runtime fixture.","browser-live","generic-1to1-candidate-review","6eef0836-1147-47ed-8413-e1d089268cf0","4868fa49-89f5-44b7-ab5a-803ca5816e32","098200f0-c427-4e12-92d5-1c398263f851","The browser reached the deposit route, but the underlying detail API was not healthy in the shared TEST DB. | Marked blocked instead of failed because this is an environment/runtime-fixture issue, not a verified reconciliation logic regression.","test-results/reconciliation-suite--RS-0-a2160-ion-field-confirms-schedule-chromium/rs-058-detail-error.png"
"RS-059","Data Quality","Names differ but stronger IDs align","ui-review","blocked","scenario-proof","Deposit detail endpoint returned HTTP 500 for the mapped runtime fixture.","browser-live","generic-1to1-candidate-review","6eef0836-1147-47ed-8413-e1d089268cf0","4868fa49-89f5-44b7-ab5a-803ca5816e32","098200f0-c427-4e12-92d5-1c398263f851","The browser reached the deposit route, but the underlying detail API was not healthy in the shared TEST DB. | Marked blocked instead of failed because this is an environment/runtime-fixture issue, not a verified reconciliation logic regression.","test-results/reconciliation-suite--RS-0-41346-ffer-but-stronger-IDs-align-chromium/rs-059-detail-error.png"
"RS-060","Data Quality","Friendly account name differs while IDs align","ui-review","blocked","scenario-proof","Deposit detail endpoint returned HTTP 500 for the mapped runtime fixture.","browser-live","generic-1to1-candidate-review","6eef0836-1147-47ed-8413-e1d089268cf0","4868fa49-89f5-44b7-ab5a-803ca5816e32","098200f0-c427-4e12-92d5-1c398263f851","The browser reached the deposit route, but the underlying detail API was not healthy in the shared TEST DB. | Marked blocked instead of failed because this is an environment/runtime-fixture issue, not a verified reconciliation logic regression.","test-results/reconciliation-suite--RS-0-a074d-ame-differs-while-IDs-align-chromium/rs-060-detail-error.png"
"RS-061","Data Quality","Product naming differs between carrier and schedule","ui-review","blocked","scenario-proof","Deposit detail endpoint returned HTTP 500 for the mapped runtime fixture.","browser-live","generic-1to1-candidate-review","6eef0836-1147-47ed-8413-e1d089268cf0","4868fa49-89f5-44b7-ab5a-803ca5816e32","098200f0-c427-4e12-92d5-1c398263f851","The browser reached the deposit route, but the underlying detail API was not healthy in the shared TEST DB. | Marked blocked instead of failed because this is an environment/runtime-fixture issue, not a verified reconciliation logic regression.","test-results/reconciliation-suite--RS-0-d9cae-etween-carrier-and-schedule-chromium/rs-061-detail-error.png"
"RS-062","Data Quality","Service ID absent on deposit but other metadata supports match","ui-review","blocked","scenario-proof","Deposit detail endpoint returned HTTP 500 for the mapped runtime fixture.","browser-live","generic-1to1-candidate-review","6eef0836-1147-47ed-8413-e1d089268cf0","4868fa49-89f5-44b7-ab5a-803ca5816e32","098200f0-c427-4e12-92d5-1c398263f851","The browser reached the deposit route, but the underlying detail API was not healthy in the shared TEST DB. | Marked blocked instead of failed because this is an environment/runtime-fixture issue, not a verified reconciliation logic regression.","test-results/reconciliation-suite--RS-0-8a531-her-metadata-supports-match-chromium/rs-062-detail-error.png"
"RS-063","Data Quality","Location missing but customer/order data aligns","ui-review","blocked","scenario-proof","Deposit detail endpoint returned HTTP 500 for the mapped runtime fixture.","browser-live","generic-1to1-candidate-review","6eef0836-1147-47ed-8413-e1d089268cf0","4868fa49-89f5-44b7-ab5a-803ca5816e32","098200f0-c427-4e12-92d5-1c398263f851","The browser reached the deposit route, but the underlying detail API was not healthy in the shared TEST DB. | Marked blocked instead of failed because this is an environment/runtime-fixture issue, not a verified reconciliation logic regression.","test-results/reconciliation-suite--RS-0-8864c--customer-order-data-aligns-chromium/rs-063-detail-error.png"
"RS-064","Data Quality","Other order ID absent but service and account align","ui-review","blocked","scenario-proof","Deposit detail endpoint returned HTTP 500 for the mapped runtime fixture.","browser-live","generic-1to1-candidate-review","6eef0836-1147-47ed-8413-e1d089268cf0","4868fa49-89f5-44b7-ab5a-803ca5816e32","098200f0-c427-4e12-92d5-1c398263f851","The browser reached the deposit route, but the underlying detail API was not healthy in the shared TEST DB. | Marked blocked instead of failed because this is an environment/runtime-fixture issue, not a verified reconciliation logic regression.","test-results/reconciliation-suite--RS-0-3272a-t-service-and-account-align-chromium/rs-064-detail-error.png"
"RS-065","Data Quality","Customer ID absent from schedule/deposit pair","ui-review","blocked","scenario-proof","Deposit detail endpoint returned HTTP 500 for the mapped runtime fixture.","browser-live","generic-1to1-candidate-review","6eef0836-1147-47ed-8413-e1d089268cf0","4868fa49-89f5-44b7-ab5a-803ca5816e32","098200f0-c427-4e12-92d5-1c398263f851","The browser reached the deposit route, but the underlying detail API was not healthy in the shared TEST DB. | Marked blocked instead of failed because this is an environment/runtime-fixture issue, not a verified reconciliation logic regression.","test-results/reconciliation-suite--RS-0-35459--from-schedule-deposit-pair-chromium/rs-065-detail-error.png"
"RS-066","Data Quality","Custom metadata mostly aligns with one conflicting value","ui-review","blocked","scenario-proof","Deposit detail endpoint returned HTTP 500 for the mapped runtime fixture.","browser-live","generic-1to1-candidate-review","6eef0836-1147-47ed-8413-e1d089268cf0","4868fa49-89f5-44b7-ab5a-803ca5816e32","098200f0-c427-4e12-92d5-1c398263f851","The browser reached the deposit route, but the underlying detail API was not healthy in the shared TEST DB. | Marked blocked instead of failed because this is an environment/runtime-fixture issue, not a verified reconciliation logic regression.","test-results/reconciliation-suite--RS-0-f5672--with-one-conflicting-value-chromium/rs-066-detail-error.png"
"RS-067","Data Quality","Only primary fields plus dollar pattern make sense","ui-review","blocked","scenario-proof","Deposit detail endpoint returned HTTP 500 for the mapped runtime fixture.","browser-live","generic-1to1-candidate-review","6eef0836-1147-47ed-8413-e1d089268cf0","4868fa49-89f5-44b7-ab5a-803ca5816e32","098200f0-c427-4e12-92d5-1c398263f851","The browser reached the deposit route, but the underlying detail API was not healthy in the shared TEST DB. | Marked blocked instead of failed because this is an environment/runtime-fixture issue, not a verified reconciliation logic regression.","test-results/reconciliation-suite--RS-0-78c51-s-dollar-pattern-make-sense-chromium/rs-067-detail-error.png"
"RS-068","Matching Conflict","Deposit could map to more than one valid schedule set","ui-review","blocked","scenario-proof","Deposit detail endpoint returned HTTP 500 for the mapped runtime fixture.","browser-live","tc04-conflict-set","e70b304d-a4ab-4367-a983-3040460cbb1e","3efe948b-cc82-4c21-94f4-b0b9e5a4195a","5a72fad8-2ad0-4adf-8732-ffb4894e421f|c5bacc78-363b-470f-a4ab-1b211184b02f|518caafd-7d8e-4794-83a1-1e50e3468583|1e3f1193-b23c-4e32-bf0a-adb687ce87fc","The browser reached the deposit route, but the underlying detail API was not healthy in the shared TEST DB. | Marked blocked instead of failed because this is an environment/runtime-fixture issue, not a verified reconciliation logic regression.","test-results/reconciliation-suite--RS-0-dc44d-than-one-valid-schedule-set-chromium/rs-068-detail-error.png"
"RS-069","Matching Conflict","Two schedules look almost identical for same deposit line","ui-review","blocked","scenario-proof","Deposit detail endpoint returned HTTP 500 for the mapped runtime fixture.","browser-live","tc03-dual-candidate-review","347dd9cf-7111-407b-8b3a-328a642fddd3","56742e01-8c59-4aba-9562-c00561873d78","54ce5402-0294-4337-b612-c514ad28865a|7192635a-363e-4ee7-8f03-706686ea6f3e","The browser reached the deposit route, but the underlying detail API was not healthy in the shared TEST DB. | Marked blocked instead of failed because this is an environment/runtime-fixture issue, not a verified reconciliation logic regression.","test-results/reconciliation-suite--RS-0-4fec4-tical-for-same-deposit-line-chromium/rs-069-detail-error.png"
"RS-070","Matching Conflict","Part of deposit cannot be assigned after best match","ui-review","blocked","scenario-proof","Deposit detail endpoint returned HTTP 500 for the mapped runtime fixture.","browser-live","generic-partial-review","699a0e77-69d6-485c-ba8e-ddacd988ecf8","1c37b342-821a-4b28-9e51-db131e84f780","098200f0-c427-4e12-92d5-1c398263f851","The browser reached the deposit route, but the underlying detail API was not healthy in the shared TEST DB. | Marked blocked instead of failed because this is an environment/runtime-fixture issue, not a verified reconciliation logic regression.","test-results/reconciliation-suite--RS-0-7a919-e-assigned-after-best-match-chromium/rs-070-detail-error.png"
"RS-071","Matching Conflict","Applying deposit across schedules would exceed received totals","ui-review","blocked","scenario-proof","Deposit detail endpoint returned HTTP 500 for the mapped runtime fixture.","browser-live","generic-1tom-split-family","75fd941e-8614-40fc-b9ee-39acac07450e","b206178c-5f7e-44a4-9455-b017ff854d13","1274ec2a-54c2-4dcb-9185-6f1cee0de73c","The underlying detail API was not healthy in the shared TEST DB.","test-results/reconciliation-suite--RS-0-1aa89-ould-exceed-received-totals-chromium/rs-071-detail-error.png"
"RS-072","Matching Conflict","Not all deposit lines needed but some still selected","needs-clarification","blocked","runtime-path-validation","Deposit detail endpoint returned HTTP 500 for the mapped runtime fixture.","browser-live","generic-mto1-combined-family","75fd941e-8614-40fc-b9ee-39acac07450e","b206178c-5f7e-44a4-9455-b017ff854d13","1274ec2a-54c2-4dcb-9185-6f1cee0de73c","The underlying detail API was not healthy in the shared TEST DB.","test-results/reconciliation-suite--RS-0-2f41e-ded-but-some-still-selected-chromium/rs-072-detail-error.png"
"RS-073","Matching Conflict","No schedules satisfy metadata and amount expectations","ui-review","blocked","scenario-proof","Deposit detail endpoint returned HTTP 500 for the mapped runtime fixture.","browser-live","generic-none-no-candidates","da05d86d-8697-47a9-bffe-60981757ab95","70905f35-f273-47a0-979c-d53b6df3badf","","The browser reached the deposit route, but the underlying detail API was not healthy in the shared TEST DB. | Marked blocked instead of failed because this is an environment/runtime-fixture issue, not a verified reconciliation logic regression.","test-results/reconciliation-suite--RS-0-d1a24-ata-and-amount-expectations-chromium/rs-073-detail-error.png"
"RS-074","Matching Conflict","Bundle deposit appears but only some products exist as schedules","ui-review","blocked","scenario-proof","Deposit detail endpoint returned HTTP 500 for the mapped runtime fixture.","browser-live","generic-1tom-split-family","75fd941e-8614-40fc-b9ee-39acac07450e","b206178c-5f7e-44a4-9455-b017ff854d13","1274ec2a-54c2-4dcb-9185-6f1cee0de73c","The underlying detail API was not healthy in the shared TEST DB.","test-results/reconciliation-suite--RS-0-b4c1f-products-exist-as-schedules-chromium/rs-074-detail-error.png"
"RS-075","Matching Conflict","Multiple lines appear to belong to one opp but different products","needs-clarification","blocked","runtime-path-validation","Deposit detail endpoint returned HTTP 500 for the mapped runtime fixture.","browser-live","generic-mto1-combined-family","75fd941e-8614-40fc-b9ee-39acac07450e","b206178c-5f7e-44a4-9455-b017ff854d13","1274ec2a-54c2-4dcb-9185-6f1cee0de73c","The underlying detail API was not healthy in the shared TEST DB.","test-results/reconciliation-suite--RS-0-dd7a3--opp-but-different-products-chromium/rs-075-detail-error.png"
"RS-076","Matching Conflict","Names align but deal-specific IDs point elsewhere","ui-review","blocked","scenario-proof","Deposit detail endpoint returned HTTP 500 for the mapped runtime fixture.","browser-live","generic-1to1-candidate-review","6eef0836-1147-47ed-8413-e1d089268cf0","4868fa49-89f5-44b7-ab5a-803ca5816e32","098200f0-c427-4e12-92d5-1c398263f851","The browser reached the deposit route, but the underlying detail API was not healthy in the shared TEST DB. | Marked blocked instead of failed because this is an environment/runtime-fixture issue, not a verified reconciliation logic regression.","test-results/reconciliation-suite--RS-0-5cbf6-pecific-IDs-point-elsewhere-chromium/rs-076-detail-error.png"
"RS-077","Matching Conflict","One line may apply to several product types under same account","ui-review","blocked","scenario-proof","Deposit detail endpoint returned HTTP 500 for the mapped runtime fixture.","browser-live","generic-1tom-split-family","75fd941e-8614-40fc-b9ee-39acac07450e","b206178c-5f7e-44a4-9455-b017ff854d13","1274ec2a-54c2-4dcb-9185-6f1cee0de73c","The underlying detail API was not healthy in the shared TEST DB.","test-results/reconciliation-suite--RS-0-c340a-ct-types-under-same-account-chromium/rs-077-detail-error.png"
"RS-078","Carrier Issues","Carrier pays prior month in current file","deterministic","blocked","scenario-proof","Deposit detail endpoint returned HTTP 500 for the mapped runtime fixture.","browser-live","generic-1to1-candidate-review","6eef0836-1147-47ed-8413-e1d089268cf0","4868fa49-89f5-44b7-ab5a-803ca5816e32","098200f0-c427-4e12-92d5-1c398263f851","The browser reached the deposit route, but the underlying detail API was not healthy in the shared TEST DB. | Marked blocked instead of failed because this is an environment/runtime-fixture issue, not a verified reconciliation logic regression.","test-results/reconciliation-suite--RS-0-f8fa8-prior-month-in-current-file-chromium/rs-078-detail-error.png"
"RS-079","Carrier Issues","Carrier prepays earlier than expected","deterministic","blocked","scenario-proof","Deposit detail endpoint returned HTTP 500 for the mapped runtime fixture.","browser-live","generic-1to1-candidate-review","6eef0836-1147-47ed-8413-e1d089268cf0","4868fa49-89f5-44b7-ab5a-803ca5816e32","098200f0-c427-4e12-92d5-1c398263f851","The browser reached the deposit route, but the underlying detail API was not healthy in the shared TEST DB. | Marked blocked instead of failed because this is an environment/runtime-fixture issue, not a verified reconciliation logic regression.","test-results/reconciliation-suite--RS-0-238e9-epays-earlier-than-expected-chromium/rs-079-detail-error.png"
"RS-080","Carrier Issues","Standard line includes unexpected extra commission","deterministic","blocked","scenario-proof","Deposit detail endpoint returned HTTP 500 for the mapped runtime fixture.","browser-live","generic-1to1-candidate-review","6eef0836-1147-47ed-8413-e1d089268cf0","42bc2596-04aa-4fb4-b9e2-64c507e0ab03","098200f0-c427-4e12-92d5-1c398263f851","The browser reached the deposit route, but the underlying detail API was not healthy in the shared TEST DB. | Marked blocked instead of failed because this is an environment/runtime-fixture issue, not a verified reconciliation logic regression.","test-results/reconciliation-suite--RS-0-a6d33-unexpected-extra-commission-chromium/rs-080-detail-error.png"
"RS-081","Carrier Issues","Current line reduced by prior-period chargeback","deterministic","blocked","scenario-proof","Deposit detail endpoint returned HTTP 500 for the mapped runtime fixture.","browser-live","generic-1to1-candidate-review","6eef0836-1147-47ed-8413-e1d089268cf0","0b3d997c-1fa2-4ec4-b3ef-fb9c55d435b1","098200f0-c427-4e12-92d5-1c398263f851","The browser reached the deposit route, but the underlying detail API was not healthy in the shared TEST DB. | Marked blocked instead of failed because this is an environment/runtime-fixture issue, not a verified reconciliation logic regression.","test-results/reconciliation-suite--RS-0-74fbc--by-prior-period-chargeback-chromium/rs-081-detail-error.png"
"RS-082","Carrier Issues","Metadata aged but IDs and amounts fit","deterministic","blocked","scenario-proof","Deposit detail endpoint returned HTTP 500 for the mapped runtime fixture.","browser-live","generic-1to1-candidate-review","6eef0836-1147-47ed-8413-e1d089268cf0","4868fa49-89f5-44b7-ab5a-803ca5816e32","098200f0-c427-4e12-92d5-1c398263f851","The browser reached the deposit route, but the underlying detail API was not healthy in the shared TEST DB. | Marked blocked instead of failed because this is an environment/runtime-fixture issue, not a verified reconciliation logic regression.","test-results/reconciliation-suite--RS-0-4ef1b-ged-but-IDs-and-amounts-fit-chromium/rs-082-detail-error.png"
"RS-083","Carrier Issues","Customer name text wrong but unique IDs right","deterministic","blocked","scenario-proof","Deposit detail endpoint returned HTTP 500 for the mapped runtime fixture.","browser-live","generic-1to1-candidate-review","6eef0836-1147-47ed-8413-e1d089268cf0","4868fa49-89f5-44b7-ab5a-803ca5816e32","098200f0-c427-4e12-92d5-1c398263f851","The browser reached the deposit route, but the underlying detail API was not healthy in the shared TEST DB. | Marked blocked instead of failed because this is an environment/runtime-fixture issue, not a verified reconciliation logic regression.","test-results/reconciliation-suite--RS-0-168d0--wrong-but-unique-IDs-right-chromium/rs-083-detail-error.png"
"RS-084","Carrier Issues","Carrier pays a line that should no longer be active","deterministic","blocked","scenario-proof","Deposit detail endpoint returned HTTP 500 for the mapped runtime fixture.","browser-live","generic-1to1-candidate-review","6eef0836-1147-47ed-8413-e1d089268cf0","4868fa49-89f5-44b7-ab5a-803ca5816e32","098200f0-c427-4e12-92d5-1c398263f851","The browser reached the deposit route, but the underlying detail API was not healthy in the shared TEST DB. | Marked blocked instead of failed because this is an environment/runtime-fixture issue, not a verified reconciliation logic regression.","test-results/reconciliation-suite--RS-0-76397--should-no-longer-be-active-chromium/rs-084-detail-error.png"
"RS-085","Carrier Issues","Deposit line contains only vendor/distributor and dollars","deterministic","blocked","scenario-proof","Deposit detail endpoint returned HTTP 500 for the mapped runtime fixture.","browser-live","generic-1to1-candidate-review","6eef0836-1147-47ed-8413-e1d089268cf0","4868fa49-89f5-44b7-ab5a-803ca5816e32","098200f0-c427-4e12-92d5-1c398263f851","The browser reached the deposit route, but the underlying detail API was not healthy in the shared TEST DB. | Marked blocked instead of failed because this is an environment/runtime-fixture issue, not a verified reconciliation logic regression.","test-results/reconciliation-suite--RS-0-05950-dor-distributor-and-dollars-chromium/rs-085-detail-error.png"
"RS-086","Carrier Issues","Actual rate includes extra decimal precision before rounding","deterministic","blocked","scenario-proof","Deposit detail endpoint returned HTTP 500 for the mapped runtime fixture.","browser-live","generic-1to1-candidate-review","6eef0836-1147-47ed-8413-e1d089268cf0","c51b5f32-666f-4ccc-9069-56ba50bdec17","098200f0-c427-4e12-92d5-1c398263f851","The browser reached the deposit route, but the underlying detail API was not healthy in the shared TEST DB. | Marked blocked instead of failed because this is an environment/runtime-fixture issue, not a verified reconciliation logic regression.","test-results/reconciliation-suite--RS-0-8861f-l-precision-before-rounding-chromium/rs-086-detail-error.png"
"RS-087","Carrier Issues","Actual commission not tied proportionally to usage","deterministic","blocked","scenario-proof","Deposit detail endpoint returned HTTP 500 for the mapped runtime fixture.","browser-live","generic-1to1-candidate-review","6eef0836-1147-47ed-8413-e1d089268cf0","4868fa49-89f5-44b7-ab5a-803ca5816e32","098200f0-c427-4e12-92d5-1c398263f851","The browser reached the deposit route, but the underlying detail API was not healthy in the shared TEST DB. | Marked blocked instead of failed because this is an environment/runtime-fixture issue, not a verified reconciliation logic regression.","test-results/reconciliation-suite--RS-0-1a9b3-ied-proportionally-to-usage-chromium/rs-087-detail-error.png"
"RS-088","System Edge Cases","Commission off by $0.01 high","deterministic","blocked","scenario-proof","Deposit detail endpoint returned HTTP 500 for the mapped runtime fixture.","browser-live","generic-1to1-candidate-review","6eef0836-1147-47ed-8413-e1d089268cf0","c51b5f32-666f-4ccc-9069-56ba50bdec17","098200f0-c427-4e12-92d5-1c398263f851","The browser reached the deposit route, but the underlying detail API was not healthy in the shared TEST DB. | Marked blocked instead of failed because this is an environment/runtime-fixture issue, not a verified reconciliation logic regression.","test-results/reconciliation-suite--RS-0-02ffb-Commission-off-by-0-01-high-chromium/rs-088-detail-error.png"
"RS-089","System Edge Cases","Commission off by $0.01 low","deterministic","blocked","scenario-proof","Deposit detail endpoint returned HTTP 500 for the mapped runtime fixture.","browser-live","generic-1to1-candidate-review","6eef0836-1147-47ed-8413-e1d089268cf0","c51b5f32-666f-4ccc-9069-56ba50bdec17","098200f0-c427-4e12-92d5-1c398263f851","The browser reached the deposit route, but the underlying detail API was not healthy in the shared TEST DB. | Marked blocked instead of failed because this is an environment/runtime-fixture issue, not a verified reconciliation logic regression.","test-results/reconciliation-suite--RS-0-da94d--Commission-off-by-0-01-low-chromium/rs-089-detail-error.png"
"RS-090","System Edge Cases","Split leaves one-cent remainder","deterministic","blocked","scenario-proof","Deposit detail endpoint returned HTTP 500 for the mapped runtime fixture.","browser-live","generic-1tom-split-family","75fd941e-8614-40fc-b9ee-39acac07450e","b206178c-5f7e-44a4-9455-b017ff854d13","1274ec2a-54c2-4dcb-9185-6f1cee0de73c","The underlying detail API was not healthy in the shared TEST DB.","test-results/reconciliation-suite--RS-0-1cd36-t-leaves-one-cent-remainder-chromium/rs-090-detail-error.png"
"RS-091","System Edge Cases","Aggregated lines create cent residual","needs-clarification","blocked","runtime-path-validation","Deposit detail endpoint returned HTTP 500 for the mapped runtime fixture.","browser-live","generic-mto1-combined-family","75fd941e-8614-40fc-b9ee-39acac07450e","b206178c-5f7e-44a4-9455-b017ff854d13","1274ec2a-54c2-4dcb-9185-6f1cee0de73c","The underlying detail API was not healthy in the shared TEST DB.","test-results/reconciliation-suite--RS-0-48094--lines-create-cent-residual-chromium/rs-091-detail-error.png"
"RS-092","System Edge Cases","Actual derived rate rounds to expected after 2 decimals","deterministic","blocked","scenario-proof","Deposit detail endpoint returned HTTP 500 for the mapped runtime fixture.","browser-live","generic-1to1-candidate-review","6eef0836-1147-47ed-8413-e1d089268cf0","c51b5f32-666f-4ccc-9069-56ba50bdec17","098200f0-c427-4e12-92d5-1c398263f851","The browser reached the deposit route, but the underlying detail API was not healthy in the shared TEST DB. | Marked blocked instead of failed because this is an environment/runtime-fixture issue, not a verified reconciliation logic regression.","test-results/reconciliation-suite--RS-0-5e58b-o-expected-after-2-decimals-chromium/rs-092-detail-error.png"
"RS-093","System Edge Cases","Actual derived rate rounds below expected at 2 decimals","deterministic","blocked","scenario-proof","Deposit detail endpoint returned HTTP 500 for the mapped runtime fixture.","browser-live","generic-1to1-candidate-review","6eef0836-1147-47ed-8413-e1d089268cf0","fe5e4fe1-d816-4826-ba7f-5dcc73e4e83e","098200f0-c427-4e12-92d5-1c398263f851","The browser reached the deposit route, but the underlying detail API was not healthy in the shared TEST DB. | Marked blocked instead of failed because this is an environment/runtime-fixture issue, not a verified reconciliation logic regression.","test-results/reconciliation-suite--RS-0-28689-elow-expected-at-2-decimals-chromium/rs-093-detail-error.png"
"RS-094","System Edge Cases","One split line looks off but total is exact","deterministic","blocked","scenario-proof","Deposit detail endpoint returned HTTP 500 for the mapped runtime fixture.","browser-live","generic-1tom-split-family","75fd941e-8614-40fc-b9ee-39acac07450e","b206178c-5f7e-44a4-9455-b017ff854d13","1274ec2a-54c2-4dcb-9185-6f1cee0de73c","The underlying detail API was not healthy in the shared TEST DB.","test-results/reconciliation-suite--RS-0-3efb4-ooks-off-but-total-is-exact-chromium/rs-094-detail-error.png"
"RS-095","System Edge Cases","Both usage and commission differ slightly from rounding","deterministic","blocked","scenario-proof","Deposit detail endpoint returned HTTP 500 for the mapped runtime fixture.","browser-live","generic-1to1-candidate-review","6eef0836-1147-47ed-8413-e1d089268cf0","c51b5f32-666f-4ccc-9069-56ba50bdec17","098200f0-c427-4e12-92d5-1c398263f851","The browser reached the deposit route, but the underlying detail API was not healthy in the shared TEST DB. | Marked blocked instead of failed because this is an environment/runtime-fixture issue, not a verified reconciliation logic regression.","test-results/reconciliation-suite--RS-0-78a0c-ffer-slightly-from-rounding-chromium/rs-095-detail-error.png"
"RS-096","System Edge Cases","Small usage rounding cannot explain large commission gap","deterministic","blocked","scenario-proof","Deposit detail endpoint returned HTTP 500 for the mapped runtime fixture.","browser-live","generic-1to1-candidate-review","6eef0836-1147-47ed-8413-e1d089268cf0","c51b5f32-666f-4ccc-9069-56ba50bdec17","098200f0-c427-4e12-92d5-1c398263f851","The browser reached the deposit route, but the underlying detail API was not healthy in the shared TEST DB. | Marked blocked instead of failed because this is an environment/runtime-fixture issue, not a verified reconciliation logic regression.","test-results/reconciliation-suite--RS-0-726c5-xplain-large-commission-gap-chromium/rs-096-detail-error.png"
"RS-097","System Edge Cases","Rounded display shows 0 but underlying source created cents","deterministic","blocked","scenario-proof","Deposit detail endpoint returned HTTP 500 for the mapped runtime fixture.","browser-live","generic-1to1-candidate-review","6eef0836-1147-47ed-8413-e1d089268cf0","4868fa49-89f5-44b7-ab5a-803ca5816e32","098200f0-c427-4e12-92d5-1c398263f851","The browser reached the deposit route, but the underlying detail API was not healthy in the shared TEST DB. | Marked blocked instead of failed because this is an environment/runtime-fixture issue, not a verified reconciliation logic regression.","test-results/reconciliation-suite--RS-0-18b92-rlying-source-created-cents-chromium/rs-097-detail-error.png"
"RS-098","Decision Paths","User accepts actual rate for current schedule only","ui-review","blocked","scenario-proof","Deposit detail endpoint returned HTTP 500 for the mapped runtime fixture.","browser-live","generic-1to1-candidate-review","6eef0836-1147-47ed-8413-e1d089268cf0","4868fa49-89f5-44b7-ab5a-803ca5816e32","098200f0-c427-4e12-92d5-1c398263f851","The browser reached the deposit route, but the underlying detail API was not healthy in the shared TEST DB. | Marked blocked instead of failed because this is an environment/runtime-fixture issue, not a verified reconciliation logic regression.","test-results/reconciliation-suite--RS-0-dee17-e-for-current-schedule-only-chromium/rs-098-detail-error.png"
"RS-099","Decision Paths","User accepts actual rate for this and future schedules","ui-review","blocked","scenario-proof","Deposit detail endpoint returned HTTP 500 for the mapped runtime fixture.","browser-live","generic-1to1-candidate-review","6eef0836-1147-47ed-8413-e1d089268cf0","4868fa49-89f5-44b7-ab5a-803ca5816e32","098200f0-c427-4e12-92d5-1c398263f851","The browser reached the deposit route, but the underlying detail API was not healthy in the shared TEST DB. | Marked blocked instead of failed because this is an environment/runtime-fixture issue, not a verified reconciliation logic regression.","test-results/reconciliation-suite--RS-0-3af3d-r-this-and-future-schedules-chromium/rs-099-detail-error.png"
"RS-100","Decision Paths","User accepts actual rate and updates master catalog","ui-review","blocked","scenario-proof","Deposit detail endpoint returned HTTP 500 for the mapped runtime fixture.","browser-live","generic-1to1-candidate-review","6eef0836-1147-47ed-8413-e1d089268cf0","4868fa49-89f5-44b7-ab5a-803ca5816e32","098200f0-c427-4e12-92d5-1c398263f851","The browser reached the deposit route, but the underlying detail API was not healthy in the shared TEST DB. | Marked blocked instead of failed because this is an environment/runtime-fixture issue, not a verified reconciliation logic regression.","test-results/reconciliation-suite--RS-1-65eca--and-updates-master-catalog-chromium/rs-100-detail-error.png"
"RS-101","Decision Paths","User agrees actual usage is valid one-off variance","ui-review","blocked","scenario-proof","Deposit detail endpoint returned HTTP 500 for the mapped runtime fixture.","browser-live","generic-1to1-candidate-review","6eef0836-1147-47ed-8413-e1d089268cf0","4868fa49-89f5-44b7-ab5a-803ca5816e32","098200f0-c427-4e12-92d5-1c398263f851","The browser reached the deposit route, but the underlying detail API was not healthy in the shared TEST DB. | Marked blocked instead of failed because this is an environment/runtime-fixture issue, not a verified reconciliation logic regression.","test-results/reconciliation-suite--RS-1-954fd-e-is-valid-one-off-variance-chromium/rs-101-detail-error.png"
"RS-102","Decision Paths","User manually distributes deposit across schedules","ui-review","blocked","scenario-proof","Deposit detail endpoint returned HTTP 500 for the mapped runtime fixture.","browser-live","generic-1tom-split-family","75fd941e-8614-40fc-b9ee-39acac07450e","b206178c-5f7e-44a4-9455-b017ff854d13","1274ec2a-54c2-4dcb-9185-6f1cee0de73c","The underlying detail API was not healthy in the shared TEST DB.","test-results/reconciliation-suite--RS-1-13646-es-deposit-across-schedules-chromium/rs-102-detail-error.png"
"RS-103","Decision Paths","User accepts matched portion and leaves remainder open","ui-review","blocked","scenario-proof","Deposit detail endpoint returned HTTP 500 for the mapped runtime fixture.","browser-live","generic-partial-review","699a0e77-69d6-485c-ba8e-ddacd988ecf8","1c37b342-821a-4b28-9e51-db131e84f780","098200f0-c427-4e12-92d5-1c398263f851","The browser reached the deposit route, but the underlying detail API was not healthy in the shared TEST DB. | Marked blocked instead of failed because this is an environment/runtime-fixture issue, not a verified reconciliation logic regression.","test-results/reconciliation-suite--RS-1-9f583-n-and-leaves-remainder-open-chromium/rs-103-detail-error.png"
"RS-104","Decision Paths","User decides candidate is wrong despite strong metadata","ui-review","blocked","scenario-proof","Deposit detail endpoint returned HTTP 500 for the mapped runtime fixture.","browser-live","generic-1to1-candidate-review","6eef0836-1147-47ed-8413-e1d089268cf0","4868fa49-89f5-44b7-ab5a-803ca5816e32","098200f0-c427-4e12-92d5-1c398263f851","The browser reached the deposit route, but the underlying detail API was not healthy in the shared TEST DB. | Marked blocked instead of failed because this is an environment/runtime-fixture issue, not a verified reconciliation logic regression.","test-results/reconciliation-suite--RS-1-e6504-ong-despite-strong-metadata-chromium/rs-104-detail-error.png"
"RS-105","Decision Paths","User confirms spiff/flat/minimum payout is valid","ui-review","blocked","scenario-proof","Deposit detail endpoint returned HTTP 500 for the mapped runtime fixture.","browser-live","generic-1to1-candidate-review","6eef0836-1147-47ed-8413-e1d089268cf0","4868fa49-89f5-44b7-ab5a-803ca5816e32","098200f0-c427-4e12-92d5-1c398263f851","The browser reached the deposit route, but the underlying detail API was not healthy in the shared TEST DB. | Marked blocked instead of failed because this is an environment/runtime-fixture issue, not a verified reconciliation logic regression.","test-results/reconciliation-suite--RS-1-f3699-lat-minimum-payout-is-valid-chromium/rs-105-detail-error.png"
